invoice_id,customer_id,invoice_date,due_date,period,product_id,product_description,product_category,quantity,unit_price,gross_amount,discount_amount,net_amount,tax_amount,total_amount,status,gl_entry_id,salesperson,territory,po_number,notes
INV-00001,CUST-001,2026-01-05,2026-02-04,2026-01,PROD-001,NovaBio-Alpha 50mg Vial,Drug - Oncology,71,4325.5,307110.74,0.0,307110.74,0.0,307110.74,Paid,GL-INV-00001,Sara Hill,International,PO-191161,
INV-00002,CUST-001,2026-01-03,2026-02-02,2026-01,PROD-010,GeneTherapy Vector Lot,Cell & Gene Therapy,4,77175.38,308701.53,0.0,308701.53,0.0,308701.53,Paid,GL-INV-00002,Tom Kane,Southeast,PO-629903,
INV-00003,CUST-001,2026-01-23,2026-02-22,2026-01,PROD-010,GeneTherapy Vector Lot,Cell & Gene Therapy,1,88426.46,75750.66,0.0,75750.66,0.0,75750.66,Paid,GL-INV-00003,Yuki Tanaka,West,PO-331148,
INV-00004,CUST-002,2026-01-06,2026-02-20,2026-01,PROD-005,ImmunoBoost IV 200mg,Drug - Immunology,2,7083.06,14166.12,0.0,14166.12,0.0,14166.12,Paid,GL-INV-00004,Brett Long,Midwest,PO-391369,
INV-00005,CUST-002,2026-01-11,2026-02-25,2026-01,PROD-003,CellFlex Reagent Kit,Research Reagent,221,1367.16,302143.23,0.0,302143.23,0.0,302143.23,Open,GL-INV-00005,Sara Hill,Northeast,PO-498382,
INV-00006,CUST-002,2026-01-20,2026-03-06,2026-01,PROD-002,NovaBio-Alpha 100mg Vial,Drug - Oncology,46,9117.36,419398.72,0.0,419398.72,0.0,419398.72,Paid,GL-INV-00006,Nadia Osei,Northeast,PO-865179,
INV-00007,CUST-002,2026-01-30,2026-03-16,2026-01,PROD-008,CytoGuard ELISA Kit,Diagnostic,275,726.34,199743.8,0.0,199743.8,0.0,199743.8,Open,GL-INV-00007,Brett Long,Northeast,PO-678856,
INV-00008,CUST-002,2026-01-28,2026-03-14,2026-01,PROD-005,ImmunoBoost IV 200mg,Drug - Immunology,21,6855.09,143956.99,0.0,143956.99,0.0,143956.99,Paid,GL-INV-00008,Nadia Osei,International,PO-301629,
INV-00009,CUST-002,2026-01-08,2026-02-22,2026-01,PROD-012,PharmaGrade Excipient Bulk,Raw Material,2,2916.66,5833.32,0.0,5833.32,0.0,5833.32,Paid,GL-INV-00009,Nadia Osei,Northeast,PO-996865,
INV-00010,CUST-003,2026-01-21,2026-02-20,2026-01,PROD-002,NovaBio-Alpha 100mg Vial,Drug - Oncology,49,7949.85,389542.45,0.0,389542.45,0.0,389542.45,Paid,GL-INV-00010,Nadia Osei,Southeast,PO-488162,
INV-00011,CUST-003,2026-01-23,2026-02-22,2026-01,PROD-006,ProteaScreen Assay,Research Reagent,108,1014.17,109529.99,0.0,109529.99,0.0,109529.99,Open,,Sara Hill,International,PO-765822,SCENARIO: subledger entry exists; GL posting missing
INV-00012,CUST-003,2026-01-06,2026-02-05,2026-01,PROD-003,CellFlex Reagent Kit,Research Reagent,274,1298.74,355854.22,0.0,355854.22,0.0,355854.22,Paid,GL-INV-00012,Brett Long,West,PO-383060,
INV-00013,CUST-004,2026-01-22,2026-03-08,2026-01,PROD-011,NovaBio-Gamma 250mg,Drug - Neurology,45,22863.22,1028845.06,0.0,1028845.06,0.0,1028845.06,Paid,GL-INV-00013,Nadia Osei,Northeast,PO-340174,
INV-00014,CUST-004,2026-01-13,2026-02-27,2026-01,PROD-014,Clinical Trial Supply Kit,Clinical Supply,1,10461.98,8499.34,0.0,8499.34,0.0,8499.34,Open,GL-INV-00014,Nadia Osei,Northeast,PO-321231,
INV-00015,CUST-005,2026-01-21,2026-02-20,2026-01,PROD-010,GeneTherapy Vector Lot,Cell & Gene Therapy,6,83186.9,499121.43,0.0,499121.43,0.0,499121.43,Paid,GL-INV-00015,Brett Long,West,PO-774079,
INV-00016,CUST-006,2026-01-18,2026-02-17,2026-01,PROD-005,ImmunoBoost IV 200mg,Drug - Immunology,18,6250.77,112513.85,0.0,112513.85,0.0,112513.85,Written Off,GL-INV-00016,Yuki Tanaka,Midwest,PO-883300,SCENARIO: Written off in GL; subledger not updated
INV-00017,CUST-006,2026-01-13,2026-02-12,2026-01,PROD-010,GeneTherapy Vector Lot,Cell & Gene Therapy,4,95578.74,382314.95,0.0,382314.95,0.0,382314.95,Paid,GL-INV-00017,Nadia Osei,Southeast,PO-245051,
INV-00018,CUST-006,2026-01-02,2026-02-01,2026-01,PROD-009,BioTrack Monitoring Software (Annual),Software,4,23068.18,92272.74,0.0,92272.74,0.0,92272.74,Paid,GL-INV-00018,Sara Hill,Southeast,PO-757924,
INV-00019,CUST-007,2026-01-13,2026-02-27,2026-01,PROD-011,NovaBio-Gamma 250mg,Drug - Neurology,14,23080.25,323123.5,0.0,323123.5,0.0,323123.5,Paid,GL-INV-00019,Brett Long,International,PO-590785,
INV-00020,CUST-007,2026-01-28,2026-03-14,2026-01,PROD-009,BioTrack Monitoring Software (Annual),Software,3,28569.24,85707.72,0.0,85707.72,0.0,85707.72,Paid,GL-INV-00020,Sara Hill,Northeast,PO-814825,
INV-00021,CUST-007,2026-01-25,2026-03-11,2026-01,PROD-015,BioProcess Training Service,Professional Service,18,4350.88,78315.8,0.0,78315.8,0.0,78315.8,Paid,GL-INV-00021,Nadia Osei,Northeast,PO-407757,
INV-00022,CUST-008,2026-01-29,2026-02-28,2026-01,PROD-008,CytoGuard ELISA Kit,Diagnostic,4,887.99,3551.98,0.0,3551.98,0.0,3551.98,Paid,GL-INV-00022,Nadia Osei,International,PO-898975,
INV-00023,CUST-008,2026-01-28,2026-02-27,2026-01,PROD-003,CellFlex Reagent Kit,Research Reagent,260,1353.79,351984.97,0.0,351984.97,0.0,351984.97,Paid,GL-INV-00023,Nadia Osei,International,PO-738551,SCENARIO: GL has duplicate posting for this invoice
INV-00024,CUST-009,2026-01-25,2026-02-24,2026-01,PROD-006,ProteaScreen Assay,Research Reagent,83,983.1,81597.51,0.0,81597.51,0.0,81597.51,Paid,GL-INV-00024,Yuki Tanaka,Northeast,PO-728038,
INV-00025,CUST-009,2026-01-30,2026-03-01,2026-01,PROD-006,ProteaScreen Assay,Research Reagent,251,859.63,215766.06,0.0,215766.06,0.0,215766.06,Paid,GL-INV-00025,Nadia Osei,Midwest,PO-351083,
INV-00026,CUST-009,2026-01-31,2026-03-02,2026-01,PROD-001,NovaBio-Alpha 50mg Vial,Drug - Oncology,4,5037.76,20151.04,0.0,20151.04,0.0,20151.04,Paid,GL-INV-00026,Sara Hill,Northeast,PO-867460,
INV-00027,CUST-010,2026-01-16,2026-03-02,2026-01,PROD-002,NovaBio-Alpha 100mg Vial,Drug - Oncology,17,7643.2,129934.44,0.0,129934.44,0.0,129934.44,Paid,GL-INV-00027,Yuki Tanaka,Southeast,PO-377932,
INV-00028,CUST-010,2026-01-30,2026-03-16,2026-01,PROD-009,BioTrack Monitoring Software (Annual),Software,14,28527.27,399381.75,0.0,399381.75,0.0,399381.75,Paid,GL-INV-00028,Yuki Tanaka,Southeast,PO-847581,
INV-00029,CUST-010,2026-01-21,2026-03-07,2026-01,PROD-005,ImmunoBoost IV 200mg,Drug - Immunology,2,7467.12,14934.24,0.0,14934.24,0.0,14934.24,Paid,GL-INV-00029,Nadia Osei,West,PO-642717,
INV-00030,CUST-011,2026-01-01,2026-01-31,2026-01,PROD-004,GenomiX Sequencing Panel,Diagnostic,116,3480.82,403775.65,0.0,403775.65,0.0,403775.65,Paid,GL-INV-00030,Yuki Tanaka,International,PO-341292,
INV-00031,CUST-011,2026-01-23,2026-02-22,2026-01,PROD-010,GeneTherapy Vector Lot,Cell & Gene Therapy,4,76652.81,306611.22,0.0,306611.22,0.0,306611.22,Short Pay - Open,GL-INV-00031,Sara Hill,Southeast,PO-170674,SCENARIO: Short pay; balance due 12800.21
INV-00032,CUST-011,2026-01-03,2026-02-02,2026-01,PROD-015,BioProcess Training Service,Professional Service,9,4459.64,40136.72,0.0,40136.72,0.0,40136.72,Paid,GL-INV-00032,Yuki Tanaka,Southeast,PO-392004,
INV-00033,CUST-011,2026-01-05,2026-02-04,2026-01,PROD-011,NovaBio-Gamma 250mg,Drug - Neurology,16,20978.3,335652.84,0.0,335652.84,0.0,335652.84,Paid,GL-INV-00033,Yuki Tanaka,International,PO-595631,
INV-00034,CUST-011,2026-01-07,2026-02-06,2026-01,PROD-004,GenomiX Sequencing Panel,Diagnostic,61,4187.12,255414.45,0.0,255414.45,0.0,255414.45,Paid,GL-INV-00034,Sara Hill,Northeast,PO-790993,
INV-00035,CUST-011,2026-01-15,2026-02-14,2026-01,PROD-007,NovaBio-Beta Infusion 500mg,Drug - Rare Disease,2,12070.74,24141.47,0.0,24141.47,0.0,24141.47,Paid,GL-INV-00035,Sara Hill,Northeast,PO-163556,
INV-00036,CUST-011,2026-01-04,2026-02-03,2026-01,PROD-007,NovaBio-Beta Infusion 500mg,Drug - Rare Disease,1,13201.78,13201.78,0.0,13201.78,0.0,13201.78,Paid,GL-INV-00036,Tom Kane,Southeast,PO-299448,
INV-00037,CUST-011,2026-01-06,2026-02-05,2026-01,PROD-009,BioTrack Monitoring Software (Annual),Software,1,23376.14,4191.73,0.0,4191.73,0.0,4191.73,Paid,GL-INV-00037,Nadia Osei,West,PO-361941,
INV-00038,CUST-012,2026-01-28,2026-02-27,2026-01,PROD-002,NovaBio-Alpha 100mg Vial,Drug - Oncology,114,9036.45,1030154.8,0.0,1030154.8,0.0,1030154.8,Paid,GL-INV-00038,Yuki Tanaka,Northeast,PO-153045,
INV-00039,CUST-012,2026-01-30,2026-03-01,2026-01,PROD-011,NovaBio-Gamma 250mg,Drug - Neurology,1,25129.48,25129.48,0.0,25129.48,0.0,25129.48,Paid,GL-INV-00039,Tom Kane,Southeast,PO-526156,
INV-00040,CUST-012,2026-01-13,2026-02-12,2026-01,PROD-008,CytoGuard ELISA Kit,Diagnostic,247,743.68,183689.14,0.0,183689.14,0.0,183689.14,Open,GL-INV-00040,Sara Hill,Southeast,PO-497382,
INV-00041,CUST-012,2026-01-26,2026-02-25,2026-01,PROD-001,NovaBio-Alpha 50mg Vial,Drug - Oncology,25,4348.35,108708.84,0.0,108708.84,0.0,108708.84,Open,GL-INV-00041,Brett Long,Midwest,PO-543555,
INV-00042,CUST-012,2026-01-16,2026-02-15,2026-01,PROD-012,PharmaGrade Excipient Bulk,Raw Material,9,3409.5,30685.47,0.0,30685.47,0.0,30685.47,Paid,GL-INV-00042,Tom Kane,Southeast,PO-411120,
INV-00043,CUST-013,2026-01-02,2026-02-01,2026-01,PROD-001,NovaBio-Alpha 50mg Vial,Drug - Oncology,32,4891.47,156527.12,0.0,156527.12,0.0,156527.12,Paid,GL-INV-00043,Sara Hill,International,PO-599948,
INV-00044,CUST-013,2026-01-31,2026-03-02,2026-01,PROD-009,BioTrack Monitoring Software (Annual),Software,34,23483.95,798454.45,0.0,798454.45,0.0,798454.45,Paid,GL-INV-00044,Yuki Tanaka,Northeast,PO-992697,
INV-00045,CUST-013,2026-01-22,2026-02-21,2026-01,PROD-003,CellFlex Reagent Kit,Research Reagent,18,1258.51,22653.19,0.0,22653.19,0.0,22653.19,Paid,GL-INV-00045,Tom Kane,West,PO-225710,
INV-00046,CUST-013,2026-01-02,2026-02-01,2026-01,PROD-015,BioProcess Training Service,Professional Service,32,4178.92,133725.41,0.0,133725.41,0.0,133725.41,Paid,GL-INV-00046,Yuki Tanaka,Northeast,PO-539589,
INV-00047,CUST-013,2026-01-11,2026-02-10,2026-01,PROD-011,NovaBio-Gamma 250mg,Drug - Neurology,5,22908.75,114543.74,0.0,114543.74,0.0,114543.74,Paid,GL-INV-00047,Nadia Osei,Southeast,PO-802258,
INV-00048,CUST-013,2026-01-13,2026-02-12,2026-01,PROD-012,PharmaGrade Excipient Bulk,Raw Material,3,3070.95,9212.85,0.0,9212.85,0.0,9212.85,Paid,GL-INV-00048,Tom Kane,Midwest,PO-579434,
INV-00049,CUST-013,2026-01-20,2026-02-19,2026-01,PROD-006,ProteaScreen Assay,Research Reagent,2,857.21,1714.42,0.0,1714.42,0.0,1714.42,Paid,GL-INV-00049,Yuki Tanaka,Northeast,PO-176819,
INV-00050,CUST-013,2026-01-05,2026-02-04,2026-01,PROD-009,BioTrack Monitoring Software (Annual),Software,1,25661.78,7982.1,0.0,7982.1,0.0,7982.1,Paid,GL-INV-00050,Nadia Osei,Northeast,PO-356150,
INV-00051,CUST-014,2026-01-23,2026-03-09,2026-01,PROD-003,CellFlex Reagent Kit,Research Reagent,113,1330.12,150303.95,0.0,150303.95,0.0,150303.95,Paid,GL-INV-00051,Nadia Osei,International,PO-946305,
INV-00052,CUST-015,2026-01-10,2026-02-09,2026-01,PROD-001,NovaBio-Alpha 50mg Vial,Drug - Oncology,43,4969.24,213677.41,0.0,213677.41,0.0,213677.41,Open,GL-INV-00052,Sara Hill,Southeast,PO-377312,
INV-00053,CUST-016,2026-01-20,2026-03-06,2026-01,PROD-002,NovaBio-Alpha 100mg Vial,Drug - Oncology,5,7938.31,39691.57,0.0,39691.57,0.0,39691.57,Paid,GL-INV-00053,Tom Kane,Midwest,PO-313487,
INV-00054,CUST-017,2026-01-09,2026-02-23,2026-01,PROD-014,Clinical Trial Supply Kit,Clinical Supply,5,9750.35,48751.73,0.0,48751.73,0.0,48751.73,Paid,GL-INV-00054,Sara Hill,Northeast,PO-765095,
INV-00055,CUST-018,2026-01-25,2026-02-24,2026-01,PROD-005,ImmunoBoost IV 200mg,Drug - Immunology,1,5855.76,5855.76,0.0,5855.76,0.0,5855.76,Paid,GL-INV-00055,Tom Kane,Midwest,PO-269430,
INV-00056,CUST-019,2026-01-01,2026-02-15,2026-01,PROD-009,BioTrack Monitoring Software (Annual),Software,6,25173.04,151038.26,0.0,151038.26,0.0,151038.26,Paid,,Sara Hill,Northeast,PO-824586,SCENARIO: subledger entry exists; GL posting missing
INV-00057,CUST-020,2026-01-19,2026-02-18,2026-01,PROD-009,BioTrack Monitoring Software (Annual),Software,1,27716.22,27716.22,0.0,27716.22,0.0,27716.22,Paid,GL-INV-00057,Yuki Tanaka,Southeast,PO-550664,
INV-00058,CUST-021,2026-01-26,2026-02-25,2026-01,PROD-005,ImmunoBoost IV 200mg,Drug - Immunology,24,7310.84,175460.28,0.0,175460.28,0.0,175460.28,Paid,GL-INV-00058,Sara Hill,Midwest,PO-320281,
INV-00059,CUST-021,2026-01-12,2026-02-11,2026-01,PROD-011,NovaBio-Gamma 250mg,Drug - Neurology,2,23468.13,46936.27,0.0,46936.27,0.0,46936.27,Paid,GL-INV-00059,Yuki Tanaka,West,PO-750810,
INV-00060,CUST-021,2026-01-08,2026-02-07,2026-01,PROD-012,PharmaGrade Excipient Bulk,Raw Material,5,3620.61,18103.06,0.0,18103.06,0.0,18103.06,Paid,GL-INV-00060,Tom Kane,Southeast,PO-532322,
INV-00061,CUST-022,2026-01-14,2026-02-28,2026-01,PROD-012,PharmaGrade Excipient Bulk,Raw Material,43,3505.91,150754.1,0.0,150754.1,0.0,150754.1,Paid,GL-INV-00061,Tom Kane,Midwest,PO-266931,
INV-00062,CUST-022,2026-01-02,2026-02-16,2026-01,PROD-013,RegulatoryAI Platform License,Software,2,17921.44,35842.88,0.0,35842.88,0.0,35842.88,Paid,GL-INV-00062,Brett Long,Southeast,PO-309267,
INV-00063,CUST-022,2026-01-27,2026-03-13,2026-01,PROD-014,Clinical Trial Supply Kit,Clinical Supply,15,9380.44,140706.58,0.0,140706.58,0.0,140706.58,Paid,GL-INV-00063,Tom Kane,Southeast,PO-124813,
INV-00064,CUST-022,2026-01-09,2026-02-23,2026-01,PROD-011,NovaBio-Gamma 250mg,Drug - Neurology,1,21991.56,18477.91,0.0,18477.91,0.0,18477.91,Open,GL-INV-00064,Sara Hill,Midwest,PO-468203,
INV-00065,CUST-023,2026-01-18,2026-02-17,2026-01,PROD-007,NovaBio-Beta Infusion 500mg,Drug - Rare Disease,44,13743.45,604711.76,0.0,604711.76,0.0,604711.76,Paid,GL-INV-00065,Nadia Osei,Northeast,PO-220944,
INV-00066,CUST-023,2026-01-31,2026-03-02,2026-01,PROD-015,BioProcess Training Service,Professional Service,9,3778.57,34007.11,0.0,34007.11,0.0,34007.11,Paid,GL-INV-00066,Nadia Osei,Northeast,PO-213668,
INV-00067,CUST-023,2026-01-26,2026-02-25,2026-01,PROD-010,GeneTherapy Vector Lot,Cell & Gene Therapy,1,83845.85,52844.06,0.0,52844.06,0.0,52844.06,Paid,GL-INV-00067,Nadia Osei,West,PO-735656,
INV-00068,CUST-024,2026-01-07,2026-02-06,2026-01,PROD-002,NovaBio-Alpha 100mg Vial,Drug - Oncology,50,9223.98,461199.24,0.0,461199.24,0.0,461199.24,Paid,GL-INV-00068,Nadia Osei,Northeast,PO-843215,
INV-00069,CUST-025,2026-01-03,2026-02-02,2026-01,PROD-009,BioTrack Monitoring Software (Annual),Software,7,24776.38,173434.69,0.0,173434.69,0.0,173434.69,Paid,GL-INV-00069,Nadia Osei,International,PO-429164,
INV-00070,CUST-025,2026-01-10,2026-02-09,2026-01,PROD-011,NovaBio-Gamma 250mg,Drug - Neurology,2,23758.65,47517.3,0.0,47517.3,0.0,47517.3,Paid,GL-INV-00070,Yuki Tanaka,Midwest,PO-799287,
INV-00071,CUST-026,2026-01-07,2026-02-21,2026-01,PROD-007,NovaBio-Beta Infusion 500mg,Drug - Rare Disease,19,12463.24,236801.51,0.0,236801.51,0.0,236801.51,Paid,GL-INV-00071,Brett Long,West,PO-810219,
INV-00072,CUST-026,2026-01-10,2026-02-24,2026-01,PROD-012,PharmaGrade Excipient Bulk,Raw Material,12,3372.41,40468.94,0.0,40468.94,0.0,40468.94,Paid,GL-INV-00072,Brett Long,International,PO-974224,
INV-00073,CUST-027,2026-01-19,2026-03-05,2026-01,PROD-005,ImmunoBoost IV 200mg,Drug - Immunology,14,6548.57,91679.96,0.0,91679.96,0.0,91679.96,Paid,GL-INV-00073,Yuki Tanaka,Midwest,PO-587575,
INV-00074,CUST-027,2026-01-17,2026-03-03,2026-01,PROD-008,CytoGuard ELISA Kit,Diagnostic,227,833.75,189260.64,0.0,189260.64,0.0,189260.64,Paid,GL-INV-00074,Brett Long,Southeast,PO-790855,
INV-00075,CUST-027,2026-01-21,2026-03-07,2026-01,PROD-002,NovaBio-Alpha 100mg Vial,Drug - Oncology,3,8436.68,25310.03,0.0,25310.03,0.0,25310.03,Paid,GL-INV-00075,Yuki Tanaka,Midwest,PO-197923,
INV-00076,CUST-027,2026-01-08,2026-02-22,2026-01,PROD-014,Clinical Trial Supply Kit,Clinical Supply,2,10147.89,20295.78,0.0,20295.78,0.0,20295.78,Open,GL-INV-00076,Tom Kane,Southeast,PO-125611,
INV-00077,CUST-027,2026-01-20,2026-03-06,2026-01,PROD-001,NovaBio-Alpha 50mg Vial,Drug - Oncology,2,5156.93,10313.86,0.0,10313.86,0.0,10313.86,Paid,GL-INV-00077,Sara Hill,West,PO-534572,
INV-00078,CUST-027,2026-01-13,2026-02-27,2026-01,PROD-015,BioProcess Training Service,Professional Service,1,4318.35,4318.35,0.0,4318.35,0.0,4318.35,Paid,GL-INV-00078,Brett Long,West,PO-355836,
INV-00079,CUST-028,2026-01-28,2026-02-27,2026-01,PROD-012,PharmaGrade Excipient Bulk,Raw Material,1,3594.13,3594.13,0.0,3594.13,0.0,3594.13,Paid,GL-INV-00079,Sara Hill,West,PO-329471,
INV-00080,CUST-029,2026-01-18,2026-03-04,2026-01,PROD-012,PharmaGrade Excipient Bulk,Raw Material,34,3251.64,110555.76,0.0,110555.76,0.0,110555.76,Paid,GL-INV-00080,Tom Kane,Northeast,PO-578634,
INV-00081,CUST-030,2026-01-18,2026-02-17,2026-01,PROD-008,CytoGuard ELISA Kit,Diagnostic,86,805.57,69279.08,0.0,69279.08,0.0,69279.08,Short Pay - Open,GL-INV-00081,Yuki Tanaka,Midwest,PO-891937,SCENARIO: Short pay; balance due 3980.35
INV-00082,CUST-031,2026-01-18,2026-03-04,2026-01,PROD-010,GeneTherapy Vector Lot,Cell & Gene Therapy,1,94149.59,69156.29,0.0,69156.29,0.0,69156.29,Paid,GL-INV-00082,Brett Long,Southeast,PO-879779,
INV-00083,CUST-032,2026-01-27,2026-03-13,2026-01,PROD-008,CytoGuard ELISA Kit,Diagnostic,34,848.6,28852.28,0.0,28852.28,0.0,28852.28,Paid,GL-INV-00083,Nadia Osei,International,PO-608136,
INV-00084,CUST-033,2026-01-10,2026-02-09,2026-01,PROD-005,ImmunoBoost IV 200mg,Drug - Immunology,8,5975.91,47807.28,0.0,47807.28,0.0,47807.28,Open,GL-INV-00084,Tom Kane,Midwest,PO-452161,
INV-00085,CUST-034,2026-01-08,2026-03-09,2026-01,PROD-009,BioTrack Monitoring Software (Annual),Software,1,23364.84,23364.84,0.0,23364.84,0.0,23364.84,Paid,GL-INV-00085,Brett Long,Southeast,PO-840734,
INV-00086,CUST-035,2026-01-15,2026-03-01,2026-01,PROD-007,NovaBio-Beta Infusion 500mg,Drug - Rare Disease,7,11792.64,82548.51,0.0,82548.51,0.0,82548.51,Paid,GL-INV-00086,Brett Long,Northeast,PO-316881,
INV-00087,CUST-036,2026-01-01,2026-01-31,2026-01,PROD-007,NovaBio-Beta Infusion 500mg,Drug - Rare Disease,19,13638.19,259125.54,0.0,259125.54,0.0,259125.54,Paid,GL-INV-00087,Yuki Tanaka,West,PO-600149,
INV-00088,CUST-037,2026-01-28,2026-02-27,2026-01,PROD-006,ProteaScreen Assay,Research Reagent,153,1033.95,158194.4,0.0,158194.4,0.0,158194.4,Open,GL-INV-00088,Brett Long,International,PO-883826,
INV-00089,CUST-037,2026-01-29,2026-02-28,2026-01,PROD-012,PharmaGrade Excipient Bulk,Raw Material,18,3519.89,63358.1,0.0,63358.1,0.0,63358.1,Paid,GL-INV-00089,Tom Kane,West,PO-330080,
INV-00090,CUST-037,2026-01-13,2026-02-12,2026-01,PROD-005,ImmunoBoost IV 200mg,Drug - Immunology,4,6639.17,26556.67,0.0,26556.67,0.0,26556.67,Paid,GL-INV-00090,Nadia Osei,West,PO-859359,
INV-00091,CUST-037,2026-01-20,2026-02-19,2026-01,PROD-003,CellFlex Reagent Kit,Research Reagent,1,1355.86,853.49,0.0,853.49,0.0,853.49,Paid,GL-INV-00091,Yuki Tanaka,Northeast,PO-513160,
INV-00092,CUST-038,2026-01-14,2026-02-28,2026-01,PROD-011,NovaBio-Gamma 250mg,Drug - Neurology,1,20261.71,20261.71,0.0,20261.71,0.0,20261.71,Paid,GL-INV-00092,Tom Kane,West,PO-290556,
INV-00093,CUST-039,2026-01-11,2026-02-10,2026-01,PROD-007,NovaBio-Beta Infusion 500mg,Drug - Rare Disease,6,11434.98,68609.89,0.0,68609.89,0.0,68609.89,Paid,GL-INV-00093,Nadia Osei,West,PO-391773,
INV-00094,CUST-039,2026-01-03,2026-02-02,2026-01,PROD-013,RegulatoryAI Platform License,Software,4,17335.22,69340.89,0.0,69340.89,0.0,69340.89,Paid,GL-INV-00094,Brett Long,Northeast,PO-885408,
INV-00095,CUST-040,2026-01-25,2026-02-24,2026-01,PROD-006,ProteaScreen Assay,Research Reagent,115,1009.41,116082.06,0.0,116082.06,0.0,116082.06,Paid,GL-INV-00095,Sara Hill,Northeast,PO-359295,
INV-00096,CUST-041,2026-01-05,2026-02-04,2026-01,PROD-001,NovaBio-Alpha 50mg Vial,Drug - Oncology,10,4221.43,42214.3,0.0,42214.3,0.0,42214.3,Written Off,GL-INV-00096,Brett Long,Northeast,PO-691364,SCENARIO: Written off in GL; subledger not updated
INV-00097,CUST-042,2026-01-06,2026-02-05,2026-01,PROD-008,CytoGuard ELISA Kit,Diagnostic,66,851.55,56201.98,0.0,56201.98,0.0,56201.98,Paid,GL-INV-00097,Yuki Tanaka,International,PO-884256,
INV-00098,CUST-043,2026-01-04,2026-02-18,2026-01,PROD-013,RegulatoryAI Platform License,Software,2,20541.24,41082.49,0.0,41082.49,0.0,41082.49,Paid,GL-INV-00098,Yuki Tanaka,Northeast,PO-427110,
INV-00099,CUST-044,2026-01-23,2026-03-24,2026-01,PROD-015,BioProcess Training Service,Professional Service,49,3996.65,195836.07,0.0,195836.07,0.0,195836.07,Paid,GL-INV-00099,Tom Kane,Northeast,PO-720859,
INV-00100,CUST-044,2026-01-23,2026-03-24,2026-01,PROD-012,PharmaGrade Excipient Bulk,Raw Material,81,3074.28,249016.64,0.0,249016.64,0.0,249016.64,Open,GL-INV-00100,Nadia Osei,International,PO-944657,
INV-00101,CUST-045,2026-01-14,2026-03-15,2026-01,PROD-010,GeneTherapy Vector Lot,Cell & Gene Therapy,1,83878.08,83878.08,0.0,83878.08,0.0,83878.08,Open,GL-INV-00101,Nadia Osei,Northeast,PO-630538,
INV-00102,CUST-045,2026-01-14,2026-03-15,2026-01,PROD-011,NovaBio-Gamma 250mg,Drug - Neurology,6,19869.59,119217.52,0.0,119217.52,0.0,119217.52,Open,GL-INV-00102,Brett Long,Northeast,PO-554582,
INV-00103,CUST-045,2026-01-15,2026-03-16,2026-01,PROD-006,ProteaScreen Assay,Research Reagent,163,1066.75,173880.1,0.0,173880.1,0.0,173880.1,Paid,GL-INV-00103,Tom Kane,West,PO-284692,
INV-00104,CUST-045,2026-01-09,2026-03-10,2026-01,PROD-012,PharmaGrade Excipient Bulk,Raw Material,9,3652.38,32871.41,0.0,32871.41,0.0,32871.41,Open,GL-INV-00104,Yuki Tanaka,International,PO-912270,
INV-00105,CUST-045,2026-01-24,2026-03-25,2026-01,PROD-008,CytoGuard ELISA Kit,Diagnostic,4,786.94,3147.75,0.0,3147.75,0.0,3147.75,Paid,GL-INV-00105,Yuki Tanaka,Midwest,PO-437960,
INV-00106,CUST-046,2026-01-15,2026-03-16,2026-01,PROD-014,Clinical Trial Supply Kit,Clinical Supply,6,9212.45,55274.73,0.0,55274.73,0.0,55274.73,Paid,GL-INV-00106,Tom Kane,West,PO-697530,
INV-00107,CUST-047,2026-01-28,2026-03-29,2026-01,PROD-007,NovaBio-Beta Infusion 500mg,Drug - Rare Disease,6,10886.1,65316.6,0.0,65316.6,0.0,65316.6,Open,GL-INV-00107,Nadia Osei,Southeast,PO-611233,
INV-00108,CUST-048,2026-01-29,2026-02-28,2026-01,PROD-013,RegulatoryAI Platform License,Software,5,17731.52,88657.62,0.0,88657.62,0.0,88657.62,Paid,GL-INV-00108,Yuki Tanaka,Midwest,PO-682789,
INV-00109,CUST-048,2026-01-03,2026-02-02,2026-01,PROD-001,NovaBio-Alpha 50mg Vial,Drug - Oncology,34,5116.57,173963.39,0.0,173963.39,0.0,173963.39,Paid,GL-INV-00109,Tom Kane,West,PO-612311,
INV-00110,CUST-049,2026-01-16,2026-02-15,2026-01,PROD-004,GenomiX Sequencing Panel,Diagnostic,61,4033.61,246050.07,0.0,246050.07,0.0,246050.07,Paid,GL-INV-00110,Brett Long,Northeast,PO-197573,
INV-00111,CUST-050,2026-01-19,2026-02-18,2026-01,PROD-007,NovaBio-Beta Infusion 500mg,Drug - Rare Disease,8,11718.62,93748.94,0.0,93748.94,0.0,93748.94,Paid,GL-INV-00111,Nadia Osei,West,PO-680358,
INV-00112,CUST-051,2026-01-23,2026-02-22,2026-01,PROD-007,NovaBio-Beta Infusion 500mg,Drug - Rare Disease,9,11792.37,106131.37,0.0,106131.37,0.0,106131.37,Paid,GL-INV-00112,Brett Long,Midwest,PO-421517,
INV-00113,CUST-052,2026-01-04,2026-02-03,2026-01,PROD-002,NovaBio-Alpha 100mg Vial,Drug - Oncology,12,7774.8,93297.57,0.0,93297.57,0.0,93297.57,Paid,GL-INV-00113,Yuki Tanaka,Southeast,PO-300845,
INV-00114,CUST-053,2026-01-25,2026-03-11,2026-01,PROD-008,CytoGuard ELISA Kit,Diagnostic,71,843.29,59873.88,0.0,59873.88,0.0,59873.88,Paid,GL-INV-00114,Yuki Tanaka,International,PO-396745,
INV-00115,CUST-054,2026-01-12,2026-02-26,2026-01,PROD-014,Clinical Trial Supply Kit,Clinical Supply,4,9253.59,37014.34,0.0,37014.34,0.0,37014.34,Paid,GL-INV-00115,Tom Kane,Midwest,PO-114835,
INV-00116,CUST-055,2026-01-02,2026-02-01,2026-01,PROD-003,CellFlex Reagent Kit,Research Reagent,18,1093.65,19685.78,0.0,19685.78,0.0,19685.78,Paid,GL-INV-00116,Yuki Tanaka,Midwest,PO-831295,
INV-00117,CUST-056,2026-01-01,2026-02-15,2026-01,PROD-011,NovaBio-Gamma 250mg,Drug - Neurology,2,20364.23,40728.46,0.0,40728.46,0.0,40728.46,Paid,GL-INV-00117,Yuki Tanaka,Midwest,PO-592198,
INV-00118,CUST-057,2026-01-09,2026-02-08,2026-01,PROD-006,ProteaScreen Assay,Research Reagent,12,1084.31,13011.67,0.0,13011.67,0.0,13011.67,Paid,GL-INV-00118,Brett Long,Northeast,PO-962050,
INV-00119,CUST-058,2026-01-22,2026-02-21,2026-01,PROD-008,CytoGuard ELISA Kit,Diagnostic,5,814.52,4072.6,0.0,4072.6,0.0,4072.6,Paid,GL-INV-00119,Sara Hill,Southeast,PO-256445,
INV-00120,CUST-059,2026-01-04,2026-02-18,2026-01,PROD-005,ImmunoBoost IV 200mg,Drug - Immunology,1,7465.12,7465.12,0.0,7465.12,0.0,7465.12,Paid,GL-INV-00120,Yuki Tanaka,West,PO-735770,
INV-00121,CUST-060,2026-01-13,2026-02-12,2026-01,PROD-010,GeneTherapy Vector Lot,Cell & Gene Therapy,1,92983.49,27662.52,0.0,27662.52,0.0,27662.52,Short Pay - Open,GL-INV-00121,Brett Long,West,PO-411797,SCENARIO: Short pay; balance due 3037.65
INV-00122,CUST-001,2026-02-02,2026-03-04,2026-02,PROD-007,NovaBio-Beta Infusion 500mg,Drug - Rare Disease,20,12505.89,250117.77,0.0,250117.77,0.0,250117.77,Paid,GL-INV-00122,Yuki Tanaka,Northeast,PO-899787,
INV-00123,CUST-001,2026-02-22,2026-03-24,2026-02,PROD-004,GenomiX Sequencing Panel,Diagnostic,81,3620.47,293258.39,0.0,293258.39,0.0,293258.39,Open,GL-INV-00123,Sara Hill,Southeast,PO-351516,
INV-00124,CUST-002,2026-02-15,2026-04-01,2026-02,PROD-002,NovaBio-Alpha 100mg Vial,Drug - Oncology,41,7385.49,302804.89,0.0,302804.89,0.0,302804.89,Open,GL-INV-00124,Yuki Tanaka,West,PO-405407,
INV-00125,CUST-002,2026-02-10,2026-03-27,2026-02,PROD-001,NovaBio-Alpha 50mg Vial,Drug - Oncology,60,4374.12,262447.08,0.0,262447.08,0.0,262447.08,Paid,GL-INV-00125,Brett Long,Northeast,PO-820775,
INV-00126,CUST-002,2026-02-21,2026-04-07,2026-02,PROD-004,GenomiX Sequencing Panel,Diagnostic,68,4168.44,283453.69,0.0,283453.69,0.0,283453.69,Open,GL-INV-00126,Yuki Tanaka,Southeast,PO-545790,
INV-00127,CUST-002,2026-02-05,2026-03-22,2026-02,PROD-002,NovaBio-Alpha 100mg Vial,Drug - Oncology,18,7840.86,141135.47,0.0,141135.47,0.0,141135.47,Paid,GL-INV-00127,Nadia Osei,Southeast,PO-174878,
INV-00128,CUST-002,2026-02-20,2026-04-06,2026-02,PROD-001,NovaBio-Alpha 50mg Vial,Drug - Oncology,6,4941.71,29650.24,0.0,29650.24,0.0,29650.24,Open,GL-INV-00128,Yuki Tanaka,Midwest,PO-560485,
INV-00129,CUST-002,2026-02-23,2026-04-09,2026-02,PROD-002,NovaBio-Alpha 100mg Vial,Drug - Oncology,8,8791.79,70334.32,0.0,70334.32,0.0,70334.32,Open,GL-INV-00129,Brett Long,Midwest,PO-624783,
INV-00130,CUST-002,2026-02-20,2026-04-06,2026-02,PROD-009,BioTrack Monitoring Software (Annual),Software,1,25235.99,16675.0,0.0,16675.0,0.0,16675.0,Open,GL-INV-00130,Sara Hill,West,PO-870214,
INV-00131,CUST-003,2026-02-01,2026-03-03,2026-02,PROD-011,NovaBio-Gamma 250mg,Drug - Neurology,37,23029.18,852079.52,0.0,852079.52,0.0,852079.52,Open,GL-INV-00131,Nadia Osei,International,PO-142185,
INV-00132,CUST-004,2026-02-15,2026-04-01,2026-02,PROD-003,CellFlex Reagent Kit,Research Reagent,482,1235.69,595602.17,0.0,595602.17,0.0,595602.17,Open,GL-INV-00132,Nadia Osei,Southeast,PO-713762,
INV-00133,CUST-004,2026-02-16,2026-04-02,2026-02,PROD-007,NovaBio-Beta Infusion 500mg,Drug - Rare Disease,32,13707.17,438629.3,0.0,438629.3,0.0,438629.3,Open,GL-INV-00133,Nadia Osei,West,PO-449499,
INV-00134,CUST-004,2026-02-06,2026-03-23,2026-02,PROD-006,ProteaScreen Assay,Research Reagent,3,879.84,2639.53,0.0,2639.53,0.0,2639.53,Paid,GL-INV-00134,Nadia Osei,West,PO-827369,
INV-00135,CUST-004,2026-02-13,2026-03-30,2026-02,PROD-008,CytoGuard ELISA Kit,Diagnostic,1,831.2,473.4,0.0,473.4,0.0,473.4,Paid,GL-INV-00135,Yuki Tanaka,Northeast,PO-576919,
INV-00136,CUST-005,2026-02-25,2026-03-27,2026-02,PROD-005,ImmunoBoost IV 200mg,Drug - Immunology,42,6038.37,253611.65,0.0,253611.65,0.0,253611.65,Open,GL-INV-00136,Brett Long,International,PO-964998,
INV-00137,CUST-005,2026-02-07,2026-03-09,2026-02,PROD-001,NovaBio-Alpha 50mg Vial,Drug - Oncology,60,4514.9,270894.21,0.0,270894.21,0.0,270894.21,Open,GL-INV-00137,Yuki Tanaka,Midwest,PO-752878,
INV-00138,CUST-005,2026-02-25,2026-03-27,2026-02,PROD-013,RegulatoryAI Platform License,Software,1,19014.34,19014.34,0.0,19014.34,0.0,19014.34,Open,GL-INV-00138,Sara Hill,Southeast,PO-380028,
INV-00139,CUST-005,2026-02-15,2026-03-17,2026-02,PROD-009,BioTrack Monitoring Software (Annual),Software,1,28297.95,9730.15,0.0,9730.15,0.0,9730.15,Paid,GL-INV-00139,Brett Long,Northeast,PO-130271,
INV-00140,CUST-006,2026-02-06,2026-03-08,2026-02,PROD-010,GeneTherapy Vector Lot,Cell & Gene Therapy,7,81585.07,571095.5,0.0,571095.5,0.0,571095.5,Paid,GL-INV-00140,Nadia Osei,International,PO-114338,
INV-00141,CUST-006,2026-02-27,2026-03-29,2026-02,PROD-009,BioTrack Monitoring Software (Annual),Software,2,23082.56,46165.12,0.0,46165.12,0.0,46165.12,Paid,GL-INV-00141,Sara Hill,West,PO-223172,
INV-00142,CUST-007,2026-02-10,2026-03-27,2026-02,PROD-003,CellFlex Reagent Kit,Research Reagent,256,1359.8,348107.76,0.0,348107.76,0.0,348107.76,Open,GL-INV-00142,Yuki Tanaka,Midwest,PO-535673,
INV-00143,CUST-007,2026-02-08,2026-03-25,2026-02,PROD-014,Clinical Trial Supply Kit,Clinical Supply,8,10878.08,87024.65,0.0,87024.65,0.0,87024.65,Open,GL-INV-00143,Brett Long,International,PO-251668,
INV-00144,CUST-008,2026-02-05,2026-03-07,2026-02,PROD-015,BioProcess Training Service,Professional Service,77,4108.24,316334.55,0.0,316334.55,0.0,316334.55,Paid,GL-INV-00144,Sara Hill,Midwest,PO-910208,
INV-00145,CUST-008,2026-02-26,2026-03-28,2026-02,PROD-013,RegulatoryAI Platform License,Software,4,17729.44,70917.75,0.0,70917.75,0.0,70917.75,Paid,GL-INV-00145,Yuki Tanaka,Midwest,PO-960408,
INV-00146,CUST-009,2026-02-19,2026-03-21,2026-02,PROD-012,PharmaGrade Excipient Bulk,Raw Material,39,3549.98,138449.25,0.0,138449.25,0.0,138449.25,Paid,GL-INV-00146,Brett Long,Southeast,PO-568238,
INV-00147,CUST-009,2026-02-18,2026-03-20,2026-02,PROD-009,BioTrack Monitoring Software (Annual),Software,8,24657.02,197256.2,0.0,197256.2,0.0,197256.2,Open,GL-INV-00147,Yuki Tanaka,West,PO-577463,
INV-00148,CUST-009,2026-02-23,2026-03-25,2026-02,PROD-015,BioProcess Training Service,Professional Service,2,4469.6,8939.2,0.0,8939.2,0.0,8939.2,Paid,GL-INV-00148,Tom Kane,International,PO-501574,
INV-00149,CUST-009,2026-02-24,2026-03-26,2026-02,PROD-004,GenomiX Sequencing Panel,Diagnostic,1,3461.46,1136.82,0.0,1136.82,0.0,1136.82,Open,GL-INV-00149,Brett Long,West,PO-504832,
INV-00150,CUST-010,2026-02-05,2026-03-22,2026-02,PROD-013,RegulatoryAI Platform License,Software,27,19134.09,516620.31,0.0,516620.31,0.0,516620.31,Paid,GL-INV-00150,Brett Long,Northeast,PO-232378,
INV-00151,CUST-011,2026-02-28,2026-03-30,2026-02,PROD-010,GeneTherapy Vector Lot,Cell & Gene Therapy,11,94981.13,1044792.45,0.0,1044792.45,0.0,1044792.45,Paid,GL-INV-00151,Brett Long,Northeast,PO-651499,
INV-00152,CUST-011,2026-02-05,2026-03-07,2026-02,PROD-015,BioProcess Training Service,Professional Service,59,3615.35,213305.51,0.0,213305.51,0.0,213305.51,Paid,GL-INV-00152,Brett Long,Southeast,PO-178463,
INV-00153,CUST-011,2026-02-23,2026-03-25,2026-02,PROD-008,CytoGuard ELISA Kit,Diagnostic,68,768.02,52225.32,0.0,52225.32,0.0,52225.32,Paid,GL-INV-00153,Brett Long,Northeast,PO-993140,
INV-00154,CUST-011,2026-02-11,2026-03-13,2026-02,PROD-006,ProteaScreen Assay,Research Reagent,69,945.25,65222.4,0.0,65222.4,0.0,65222.4,Paid,GL-INV-00154,Brett Long,International,PO-137642,
INV-00155,CUST-011,2026-02-22,2026-03-24,2026-02,PROD-010,GeneTherapy Vector Lot,Cell & Gene Therapy,1,81488.87,7580.18,0.0,7580.18,0.0,7580.18,Paid,GL-INV-00155,Nadia Osei,Southeast,PO-883041,
INV-00156,CUST-012,2026-02-23,2026-03-25,2026-02,PROD-012,PharmaGrade Excipient Bulk,Raw Material,52,3234.94,168217.03,0.0,168217.03,0.0,168217.03,Paid,GL-INV-00156,Nadia Osei,Northeast,PO-148225,
INV-00157,CUST-012,2026-02-12,2026-03-14,2026-02,PROD-006,ProteaScreen Assay,Research Reagent,115,924.67,106337.61,0.0,106337.61,0.0,106337.61,Paid,GL-INV-00157,Brett Long,Southeast,PO-356059,
INV-00158,CUST-012,2026-02-26,2026-03-28,2026-02,PROD-009,BioTrack Monitoring Software (Annual),Software,27,26037.05,703000.36,0.0,703000.36,0.0,703000.36,Open,GL-INV-00158,Tom Kane,Southeast,PO-283573,
INV-00159,CUST-012,2026-02-20,2026-03-22,2026-02,PROD-002,NovaBio-Alpha 100mg Vial,Drug - Oncology,40,9165.22,366608.85,0.0,366608.85,0.0,366608.85,Paid,GL-INV-00159,Tom Kane,West,PO-711484,
INV-00160,CUST-012,2026-02-09,2026-03-11,2026-02,PROD-003,CellFlex Reagent Kit,Research Reagent,15,1218.34,18275.17,0.0,18275.17,0.0,18275.17,Paid,GL-INV-00160,Brett Long,Midwest,PO-799233,
INV-00161,CUST-013,2026-02-22,2026-03-24,2026-02,PROD-013,RegulatoryAI Platform License,Software,60,20255.44,1215326.54,0.0,1215326.54,0.0,1215326.54,Paid,GL-INV-00161,Yuki Tanaka,Southeast,PO-177449,
INV-00162,CUST-013,2026-02-10,2026-03-12,2026-02,PROD-008,CytoGuard ELISA Kit,Diagnostic,23,894.59,20575.62,0.0,20575.62,0.0,20575.62,Paid,GL-INV-00162,Brett Long,Midwest,PO-579027,
INV-00163,CUST-013,2026-02-13,2026-03-15,2026-02,PROD-014,Clinical Trial Supply Kit,Clinical Supply,1,9023.14,9023.14,0.0,9023.14,0.0,9023.14,Open,GL-INV-00163,Brett Long,Northeast,PO-348728,
INV-00164,CUST-014,2026-02-10,2026-03-27,2026-02,PROD-006,ProteaScreen Assay,Research Reagent,152,1090.76,165796.18,0.0,165796.18,0.0,165796.18,Open,GL-INV-00164,Sara Hill,West,PO-387813,
INV-00165,CUST-015,2026-02-24,2026-03-26,2026-02,PROD-014,Clinical Trial Supply Kit,Clinical Supply,2,10712.72,21425.43,0.0,21425.43,0.0,21425.43,Paid,GL-INV-00165,Brett Long,Midwest,PO-913423,
INV-00166,CUST-015,2026-02-12,2026-03-14,2026-02,PROD-013,RegulatoryAI Platform License,Software,4,18931.79,75727.17,0.0,75727.17,0.0,75727.17,Paid,GL-INV-00166,Tom Kane,Southeast,PO-751051,
INV-00167,CUST-015,2026-02-21,2026-03-23,2026-02,PROD-005,ImmunoBoost IV 200mg,Drug - Immunology,5,6870.9,34354.52,0.0,34354.52,0.0,34354.52,Open,GL-INV-00167,Sara Hill,Midwest,PO-926918,
INV-00168,CUST-016,2026-02-03,2026-03-20,2026-02,PROD-010,GeneTherapy Vector Lot,Cell & Gene Therapy,1,92062.65,92062.65,0.0,92062.65,0.0,92062.65,Paid,GL-INV-00168,Nadia Osei,Midwest,PO-883790,
INV-00169,CUST-017,2026-02-12,2026-03-29,2026-02,PROD-004,GenomiX Sequencing Panel,Diagnostic,5,4167.19,20835.94,0.0,20835.94,0.0,20835.94,Open,GL-INV-00169,Yuki Tanaka,International,PO-385765,
INV-00170,CUST-018,2026-02-10,2026-03-12,2026-02,PROD-005,ImmunoBoost IV 200mg,Drug - Immunology,8,7422.0,59375.99,0.0,59375.99,0.0,59375.99,Paid,GL-INV-00170,Nadia Osei,Northeast,PO-591081,
INV-00171,CUST-019,2026-02-24,2026-04-10,2026-02,PROD-003,CellFlex Reagent Kit,Research Reagent,58,1338.04,77606.45,0.0,77606.45,0.0,77606.45,Open,GL-INV-00171,Brett Long,International,PO-483542,
INV-00172,CUST-020,2026-02-04,2026-03-06,2026-02,PROD-007,NovaBio-Beta Infusion 500mg,Drug - Rare Disease,1,11593.38,11593.38,0.0,11593.38,0.0,11593.38,Paid,GL-INV-00172,Brett Long,Midwest,PO-805511,
INV-00173,CUST-020,2026-02-13,2026-03-15,2026-02,PROD-012,PharmaGrade Excipient Bulk,Raw Material,44,3089.73,135948.08,0.0,135948.08,0.0,135948.08,Paid,GL-INV-00173,Nadia Osei,Northeast,PO-807617,
INV-00174,CUST-021,2026-02-18,2026-03-20,2026-02,PROD-001,NovaBio-Alpha 50mg Vial,Drug - Oncology,40,5044.76,201790.57,0.0,201790.57,0.0,201790.57,Paid,GL-INV-00174,Nadia Osei,International,PO-332120,
INV-00175,CUST-021,2026-02-15,2026-03-17,2026-02,PROD-011,NovaBio-Gamma 250mg,Drug - Neurology,1,23294.72,23294.72,0.0,23294.72,0.0,23294.72,Paid,GL-INV-00175,Nadia Osei,West,PO-222343,
INV-00176,CUST-022,2026-02-04,2026-03-21,2026-02,PROD-001,NovaBio-Alpha 50mg Vial,Drug - Oncology,39,5170.42,201646.31,0.0,201646.31,0.0,201646.31,Paid,GL-INV-00176,Sara Hill,Southeast,PO-663658,
INV-00177,CUST-022,2026-02-22,2026-04-08,2026-02,PROD-003,CellFlex Reagent Kit,Research Reagent,50,1216.09,60804.66,0.0,60804.66,0.0,60804.66,Open,GL-INV-00177,Yuki Tanaka,West,PO-715870,
INV-00178,CUST-022,2026-02-14,2026-03-31,2026-02,PROD-012,PharmaGrade Excipient Bulk,Raw Material,24,3003.62,72086.84,0.0,72086.84,0.0,72086.84,Paid,GL-INV-00178,Sara Hill,West,PO-745558,
INV-00179,CUST-022,2026-02-12,2026-03-29,2026-02,PROD-007,NovaBio-Beta Infusion 500mg,Drug - Rare Disease,1,10898.15,10898.15,0.0,10898.15,0.0,10898.15,Paid,GL-INV-00179,Tom Kane,West,PO-566297,
INV-00180,CUST-023,2026-02-22,2026-03-24,2026-02,PROD-014,Clinical Trial Supply Kit,Clinical Supply,47,8785.97,412940.46,0.0,412940.46,0.0,412940.46,Paid,GL-INV-00180,Nadia Osei,International,PO-776149,
INV-00181,CUST-023,2026-02-07,2026-03-09,2026-02,PROD-006,ProteaScreen Assay,Research Reagent,32,949.56,30385.86,0.0,30385.86,0.0,30385.86,Paid,GL-INV-00181,Sara Hill,West,PO-196126,
INV-00182,CUST-024,2026-02-01,2026-03-03,2026-02,PROD-011,NovaBio-Gamma 250mg,Drug - Neurology,21,23084.3,484770.36,0.0,484770.36,0.0,484770.36,Paid,GL-INV-00182,Sara Hill,Midwest,PO-355400,
INV-00183,CUST-024,2026-02-03,2026-03-05,2026-02,PROD-003,CellFlex Reagent Kit,Research Reagent,51,1249.37,63718.04,0.0,63718.04,0.0,63718.04,Paid,GL-INV-00183,Yuki Tanaka,Southeast,PO-714867,
INV-00184,CUST-025,2026-02-05,2026-03-07,2026-02,PROD-014,Clinical Trial Supply Kit,Clinical Supply,15,9330.33,139954.93,0.0,139954.93,0.0,139954.93,Paid,GL-INV-00184,Yuki Tanaka,Northeast,PO-390743,
INV-00185,CUST-025,2026-02-18,2026-03-20,2026-02,PROD-014,Clinical Trial Supply Kit,Clinical Supply,5,10895.38,54476.89,0.0,54476.89,0.0,54476.89,Paid,GL-INV-00185,Nadia Osei,Southeast,PO-215266,
INV-00186,CUST-025,2026-02-12,2026-03-14,2026-02,PROD-011,NovaBio-Gamma 250mg,Drug - Neurology,1,20524.92,20524.92,0.0,20524.92,0.0,20524.92,Paid,GL-INV-00186,Tom Kane,International,PO-439498,
INV-00187,CUST-026,2026-02-14,2026-03-31,2026-02,PROD-005,ImmunoBoost IV 200mg,Drug - Immunology,4,6055.98,24223.93,0.0,24223.93,0.0,24223.93,Paid,GL-INV-00187,Yuki Tanaka,Northeast,PO-881886,
INV-00188,CUST-026,2026-02-12,2026-03-29,2026-02,PROD-002,NovaBio-Alpha 100mg Vial,Drug - Oncology,31,8298.96,257267.89,0.0,257267.89,0.0,257267.89,Paid,GL-INV-00188,Yuki Tanaka,International,PO-214351,
INV-00189,CUST-026,2026-02-20,2026-04-06,2026-02,PROD-008,CytoGuard ELISA Kit,Diagnostic,129,745.2,96131.08,0.0,96131.08,0.0,96131.08,Open,GL-INV-00189,Sara Hill,International,PO-416282,
INV-00190,CUST-026,2026-02-02,2026-03-19,2026-02,PROD-008,CytoGuard ELISA Kit,Diagnostic,42,889.99,37379.37,0.0,37379.37,0.0,37379.37,Paid,GL-INV-00190,Brett Long,West,PO-546980,
INV-00191,CUST-027,2026-02-03,2026-03-20,2026-02,PROD-008,CytoGuard ELISA Kit,Diagnostic,365,879.39,320977.96,0.0,320977.96,0.0,320977.96,Paid,GL-INV-00191,Sara Hill,Midwest,PO-737846,
INV-00192,CUST-028,2026-02-19,2026-03-21,2026-02,PROD-003,CellFlex Reagent Kit,Research Reagent,36,1267.3,45622.63,0.0,45622.63,0.0,45622.63,Open,GL-INV-00192,Yuki Tanaka,Midwest,PO-499407,
INV-00193,CUST-029,2026-02-20,2026-04-06,2026-02,PROD-009,BioTrack Monitoring Software (Annual),Software,3,25335.72,76007.16,0.0,76007.16,0.0,76007.16,Paid,GL-INV-00193,Brett Long,Northeast,PO-931621,
INV-00194,CUST-030,2026-02-07,2026-03-09,2026-02,PROD-014,Clinical Trial Supply Kit,Clinical Supply,9,10261.99,92357.95,0.0,92357.95,0.0,92357.95,Paid,GL-INV-00194,Brett Long,West,PO-339592,
INV-00195,CUST-031,2026-02-24,2026-04-10,2026-02,PROD-014,Clinical Trial Supply Kit,Clinical Supply,4,9496.98,37987.94,0.0,37987.94,0.0,37987.94,Open,GL-INV-00195,Sara Hill,Midwest,PO-547494,
INV-00196,CUST-032,2026-02-22,2026-04-08,2026-02,PROD-005,ImmunoBoost IV 200mg,Drug - Immunology,6,7399.59,44397.53,0.0,44397.53,0.0,44397.53,Open,GL-INV-00196,Brett Long,Northeast,PO-195656,
INV-00197,CUST-033,2026-02-24,2026-03-26,2026-02,PROD-002,NovaBio-Alpha 100mg Vial,Drug - Oncology,4,7577.96,30311.83,0.0,30311.83,0.0,30311.83,Paid,GL-INV-00197,Nadia Osei,Southeast,PO-683397,
INV-00198,CUST-034,2026-02-14,2026-04-15,2026-02,PROD-009,BioTrack Monitoring Software (Annual),Software,3,26687.58,80062.75,0.0,80062.75,0.0,80062.75,Open,GL-INV-00198,Nadia Osei,West,PO-856086,
INV-00199,CUST-035,2026-02-04,2026-03-21,2026-02,PROD-005,ImmunoBoost IV 200mg,Drug - Immunology,10,6357.73,63577.29,0.0,63577.29,0.0,63577.29,Paid,GL-INV-00199,Yuki Tanaka,International,PO-323072,
INV-00200,CUST-036,2026-02-12,2026-03-14,2026-02,PROD-008,CytoGuard ELISA Kit,Diagnostic,115,867.22,99730.14,0.0,99730.14,0.0,99730.14,Paid,GL-INV-00200,Yuki Tanaka,Midwest,PO-220465,
INV-00201,CUST-036,2026-02-26,2026-03-28,2026-02,PROD-013,RegulatoryAI Platform License,Software,5,18783.45,93917.25,0.0,93917.25,0.0,93917.25,Short Pay - Open,GL-INV-00201,Brett Long,International,PO-904711,SCENARIO: Short pay; balance due 7409.4
INV-00202,CUST-036,2026-02-22,2026-03-24,2026-02,PROD-014,Clinical Trial Supply Kit,Clinical Supply,1,9996.36,9996.36,0.0,9996.36,0.0,9996.36,Paid,GL-INV-00202,Nadia Osei,Northeast,PO-289179,
INV-00203,CUST-037,2026-02-12,2026-03-14,2026-02,PROD-013,RegulatoryAI Platform License,Software,5,20346.92,101734.59,0.0,101734.59,0.0,101734.59,Open,GL-INV-00203,Sara Hill,Southeast,PO-250210,
INV-00204,CUST-037,2026-02-24,2026-03-26,2026-02,PROD-010,GeneTherapy Vector Lot,Cell & Gene Therapy,1,77978.69,77978.69,0.0,77978.69,0.0,77978.69,Open,GL-INV-00204,Sara Hill,Northeast,PO-882354,
INV-00205,CUST-038,2026-02-06,2026-03-23,2026-02,PROD-007,NovaBio-Beta Infusion 500mg,Drug - Rare Disease,14,12160.94,170253.12,0.0,170253.12,0.0,170253.12,Open,GL-INV-00205,Nadia Osei,Midwest,PO-856648,
INV-00206,CUST-039,2026-02-05,2026-03-07,2026-02,PROD-010,GeneTherapy Vector Lot,Cell & Gene Therapy,1,95271.02,95271.02,0.0,95271.02,0.0,95271.02,Paid,GL-INV-00206,Tom Kane,International,PO-152179,
INV-00207,CUST-040,2026-02-16,2026-03-18,2026-02,PROD-005,ImmunoBoost IV 200mg,Drug - Immunology,29,6925.65,200843.86,0.0,200843.86,0.0,200843.86,Paid,GL-INV-00207,Yuki Tanaka,West,PO-534303,
INV-00208,CUST-041,2026-02-14,2026-03-16,2026-02,PROD-013,RegulatoryAI Platform License,Software,3,16712.18,50136.54,0.0,50136.54,0.0,50136.54,Open,GL-INV-00208,Sara Hill,Midwest,PO-811163,
INV-00209,CUST-042,2026-02-02,2026-03-04,2026-02,PROD-008,CytoGuard ELISA Kit,Diagnostic,135,832.09,112332.26,0.0,112332.26,0.0,112332.26,Paid,GL-INV-00209,Tom Kane,West,PO-728437,
INV-00210,CUST-043,2026-02-25,2026-04-11,2026-02,PROD-004,GenomiX Sequencing Panel,Diagnostic,10,4318.06,43180.58,0.0,43180.58,0.0,43180.58,Paid,GL-INV-00210,Tom Kane,Midwest,PO-403507,
INV-00211,CUST-044,2026-02-06,2026-04-07,2026-02,PROD-001,NovaBio-Alpha 50mg Vial,Drug - Oncology,64,4890.39,312985.02,0.0,312985.02,0.0,312985.02,Paid,GL-INV-00211,Tom Kane,West,PO-658453,
INV-00212,CUST-044,2026-02-27,2026-04-28,2026-02,PROD-012,PharmaGrade Excipient Bulk,Raw Material,15,3280.21,49203.15,0.0,49203.15,0.0,49203.15,Open,GL-INV-00212,Nadia Osei,Northeast,PO-516359,
INV-00213,CUST-044,2026-02-01,2026-04-02,2026-02,PROD-014,Clinical Trial Supply Kit,Clinical Supply,12,8650.47,103805.61,0.0,103805.61,0.0,103805.61,Open,GL-INV-00213,Brett Long,Northeast,PO-428267,
INV-00214,CUST-045,2026-02-14,2026-04-15,2026-02,PROD-010,GeneTherapy Vector Lot,Cell & Gene Therapy,4,91576.85,366307.41,0.0,366307.41,0.0,366307.41,Open,GL-INV-00214,Nadia Osei,Northeast,PO-524707,
INV-00215,CUST-045,2026-02-20,2026-04-21,2026-02,PROD-001,NovaBio-Alpha 50mg Vial,Drug - Oncology,6,4243.36,25460.14,0.0,25460.14,0.0,25460.14,Open,GL-INV-00215,Brett Long,Midwest,PO-192410,
INV-00216,CUST-046,2026-02-13,2026-04-14,2026-02,PROD-002,NovaBio-Alpha 100mg Vial,Drug - Oncology,16,8273.14,132370.19,0.0,132370.19,0.0,132370.19,Open,GL-INV-00216,Yuki Tanaka,Northeast,PO-514991,
INV-00217,CUST-046,2026-02-08,2026-04-09,2026-02,PROD-014,Clinical Trial Supply Kit,Clinical Supply,10,10321.29,103212.86,0.0,103212.86,0.0,103212.86,Open,GL-INV-00217,Nadia Osei,Southeast,PO-180089,
INV-00218,CUST-047,2026-02-12,2026-04-13,2026-02,PROD-002,NovaBio-Alpha 100mg Vial,Drug - Oncology,7,9237.14,64659.99,0.0,64659.99,0.0,64659.99,Paid,GL-INV-00218,Nadia Osei,Southeast,PO-347745,
INV-00219,CUST-048,2026-02-05,2026-03-07,2026-02,PROD-005,ImmunoBoost IV 200mg,Drug - Immunology,13,6131.94,79715.17,0.0,79715.17,0.0,79715.17,Paid,GL-INV-00219,Sara Hill,Southeast,PO-910389,
INV-00220,CUST-048,2026-02-19,2026-03-21,2026-02,PROD-011,NovaBio-Gamma 250mg,Drug - Neurology,8,22351.74,178813.94,0.0,178813.94,0.0,178813.94,Paid,GL-INV-00220,Yuki Tanaka,West,PO-814220,
INV-00221,CUST-048,2026-02-21,2026-03-23,2026-02,PROD-015,BioProcess Training Service,Professional Service,3,4464.25,13392.74,0.0,13392.74,0.0,13392.74,Paid,GL-INV-00221,Nadia Osei,Southeast,PO-561124,
INV-00222,CUST-049,2026-02-19,2026-03-21,2026-02,PROD-008,CytoGuard ELISA Kit,Diagnostic,156,857.28,133736.35,0.0,133736.35,0.0,133736.35,Paid,GL-INV-00222,Sara Hill,Midwest,PO-631981,
INV-00223,CUST-049,2026-02-02,2026-03-04,2026-02,PROD-002,NovaBio-Alpha 100mg Vial,Drug - Oncology,5,8326.57,41632.86,0.0,41632.86,0.0,41632.86,Paid,GL-INV-00223,Sara Hill,Midwest,PO-972097,
INV-00224,CUST-049,2026-02-28,2026-03-30,2026-02,PROD-005,ImmunoBoost IV 200mg,Drug - Immunology,2,6897.58,13795.17,0.0,13795.17,0.0,13795.17,Paid,GL-INV-00224,Sara Hill,International,PO-722937,
INV-00225,CUST-050,2026-02-26,2026-03-28,2026-02,PROD-008,CytoGuard ELISA Kit,Diagnostic,22,789.7,17373.36,0.0,17373.36,0.0,17373.36,Paid,GL-INV-00225,Yuki Tanaka,Southeast,PO-437145,
INV-00226,CUST-051,2026-02-15,2026-03-17,2026-02,PROD-009,BioTrack Monitoring Software (Annual),Software,2,28485.76,56971.53,0.0,56971.53,0.0,56971.53,Paid,GL-INV-00226,Sara Hill,Midwest,PO-849014,
INV-00227,CUST-052,2026-02-23,2026-03-25,2026-02,PROD-011,NovaBio-Gamma 250mg,Drug - Neurology,2,20015.28,40030.56,0.0,40030.56,0.0,40030.56,Paid,GL-INV-00227,Brett Long,West,PO-649525,
INV-00228,CUST-053,2026-02-10,2026-03-27,2026-02,PROD-003,CellFlex Reagent Kit,Research Reagent,47,1191.86,56017.21,0.0,56017.21,0.0,56017.21,Open,GL-INV-00228,Brett Long,West,PO-912085,
INV-00229,CUST-054,2026-02-21,2026-04-07,2026-02,PROD-010,GeneTherapy Vector Lot,Cell & Gene Therapy,1,93271.07,93271.07,0.0,93271.07,0.0,93271.07,Paid,GL-INV-00229,Nadia Osei,Northeast,PO-445705,
INV-00230,CUST-055,2026-02-24,2026-03-26,2026-02,PROD-011,NovaBio-Gamma 250mg,Drug - Neurology,2,21362.81,42725.62,0.0,42725.62,0.0,42725.62,Paid,GL-INV-00230,Yuki Tanaka,Southeast,PO-449555,
INV-00231,CUST-056,2026-02-10,2026-03-27,2026-02,PROD-011,NovaBio-Gamma 250mg,Drug - Neurology,1,24842.11,24842.11,0.0,24842.11,0.0,24842.11,Paid,GL-INV-00231,Brett Long,Southeast,PO-723945,
INV-00232,CUST-057,2026-02-21,2026-03-23,2026-02,PROD-002,NovaBio-Alpha 100mg Vial,Drug - Oncology,3,8525.79,25577.37,0.0,25577.37,0.0,25577.37,Paid,GL-INV-00232,Nadia Osei,Southeast,PO-802667,
INV-00233,CUST-058,2026-02-03,2026-03-05,2026-02,PROD-012,PharmaGrade Excipient Bulk,Raw Material,11,3609.96,39709.54,0.0,39709.54,0.0,39709.54,Paid,GL-INV-00233,Brett Long,International,PO-479404,
INV-00234,CUST-059,2026-02-11,2026-03-28,2026-02,PROD-005,ImmunoBoost IV 200mg,Drug - Immunology,2,7395.65,14791.3,0.0,14791.3,0.0,14791.3,Paid,GL-INV-00234,Brett Long,Southeast,PO-337547,
INV-00235,CUST-060,2026-02-26,2026-03-28,2026-02,PROD-003,CellFlex Reagent Kit,Research Reagent,3,1168.74,3506.21,0.0,3506.21,0.0,3506.21,Paid,GL-INV-00235,Sara Hill,International,PO-908320,
INV-00236,CUST-001,2026-03-11,2026-04-10,2026-03,PROD-012,PharmaGrade Excipient Bulk,Raw Material,135,2910.2,392876.73,0.0,392876.73,0.0,392876.73,Open,GL-INV-00236,Yuki Tanaka,Southeast,PO-726258,
INV-00237,CUST-001,2026-03-27,2026-04-26,2026-03,PROD-007,NovaBio-Beta Infusion 500mg,Drug - Rare Disease,5,11286.74,56433.71,0.0,56433.71,0.0,56433.71,Open,GL-INV-00237,Yuki Tanaka,Southeast,PO-856215,
INV-00238,CUST-001,2026-03-22,2026-04-21,2026-03,PROD-008,CytoGuard ELISA Kit,Diagnostic,23,782.12,17988.7,0.0,17988.7,0.0,17988.7,Paid,GL-INV-00238,Tom Kane,West,PO-740255,
INV-00239,CUST-002,2026-03-08,2026-04-22,2026-03,PROD-012,PharmaGrade Excipient Bulk,Raw Material,230,3067.2,705456.54,0.0,705456.54,0.0,705456.54,Open,GL-INV-00239,Nadia Osei,West,PO-975679,
INV-00240,CUST-002,2026-03-19,2026-05-03,2026-03,PROD-004,GenomiX Sequencing Panel,Diagnostic,48,4064.39,195090.79,0.0,195090.79,0.0,195090.79,Open,GL-INV-00240,Brett Long,West,PO-906814,
INV-00241,CUST-002,2026-03-17,2026-05-01,2026-03,PROD-005,ImmunoBoost IV 200mg,Drug - Immunology,25,6470.54,161763.57,0.0,161763.57,0.0,161763.57,Paid,GL-INV-00241,Brett Long,Southeast,PO-956572,
INV-00242,CUST-002,2026-03-09,2026-04-23,2026-03,PROD-004,GenomiX Sequencing Panel,Diagnostic,10,3551.48,35514.79,0.0,35514.79,0.0,35514.79,Open,GL-INV-00242,Sara Hill,West,PO-489244,
INV-00243,CUST-002,2026-03-17,2026-05-01,2026-03,PROD-009,BioTrack Monitoring Software (Annual),Software,1,26946.26,8675.0,0.0,8675.0,0.0,8675.0,Open,GL-INV-00243,Sara Hill,Midwest,PO-187949,
INV-00244,CUST-003,2026-03-30,2026-04-29,2026-03,PROD-003,CellFlex Reagent Kit,Research Reagent,448,1107.51,496166.3,0.0,496166.3,0.0,496166.3,Open,GL-INV-00244,Tom Kane,West,PO-466566,
INV-00245,CUST-003,2026-03-13,2026-04-12,2026-03,PROD-015,BioProcess Training Service,Professional Service,4,4014.9,16059.59,0.0,16059.59,0.0,16059.59,Open,GL-INV-00245,Yuki Tanaka,Midwest,PO-347231,
INV-00246,CUST-003,2026-03-01,2026-03-31,2026-03,PROD-007,NovaBio-Beta Infusion 500mg,Drug - Rare Disease,3,11924.74,35774.21,0.0,35774.21,0.0,35774.21,Paid,GL-INV-00246,Nadia Osei,Northeast,PO-979940,
INV-00247,CUST-004,2026-03-10,2026-04-24,2026-03,PROD-006,ProteaScreen Assay,Research Reagent,300,887.68,266303.97,0.0,266303.97,0.0,266303.97,Paid,GL-INV-00247,Brett Long,Southeast,PO-895702,
INV-00248,CUST-004,2026-03-01,2026-04-15,2026-03,PROD-012,PharmaGrade Excipient Bulk,Raw Material,121,3238.88,391904.62,0.0,391904.62,0.0,391904.62,Open,GL-INV-00248,Sara Hill,Northeast,PO-368355,
INV-00249,CUST-004,2026-03-24,2026-05-08,2026-03,PROD-004,GenomiX Sequencing Panel,Diagnostic,20,3941.36,78827.28,0.0,78827.28,0.0,78827.28,Open,GL-INV-00249,Yuki Tanaka,International,PO-543814,
INV-00250,CUST-004,2026-03-04,2026-04-18,2026-03,PROD-002,NovaBio-Alpha 100mg Vial,Drug - Oncology,19,7867.16,149476.09,0.0,149476.09,0.0,149476.09,Open,GL-INV-00250,Sara Hill,Southeast,PO-540218,
INV-00251,CUST-005,2026-03-27,2026-04-26,2026-03,PROD-010,GeneTherapy Vector Lot,Cell & Gene Therapy,4,77834.65,311338.61,0.0,311338.61,0.0,311338.61,Paid,GL-INV-00251,Brett Long,International,PO-662093,
INV-00252,CUST-005,2026-03-08,2026-04-07,2026-03,PROD-001,NovaBio-Alpha 50mg Vial,Drug - Oncology,41,4629.8,189821.71,0.0,189821.71,0.0,189821.71,Open,GL-INV-00252,Tom Kane,Midwest,PO-550089,
INV-00253,CUST-006,2026-03-06,2026-04-05,2026-03,PROD-006,ProteaScreen Assay,Research Reagent,247,990.53,244661.56,0.0,244661.56,0.0,244661.56,Open,GL-INV-00253,Sara Hill,International,PO-478120,
INV-00254,CUST-006,2026-03-26,2026-04-25,2026-03,PROD-002,NovaBio-Alpha 100mg Vial,Drug - Oncology,34,8495.37,288842.51,0.0,288842.51,0.0,288842.51,Open,GL-INV-00254,Yuki Tanaka,International,PO-121322,
INV-00255,CUST-006,2026-03-21,2026-04-20,2026-03,PROD-007,NovaBio-Beta Infusion 500mg,Drug - Rare Disease,7,12210.41,85472.84,0.0,85472.84,0.0,85472.84,Open,GL-INV-00255,Brett Long,Midwest,PO-365971,
INV-00256,CUST-006,2026-03-03,2026-04-02,2026-03,PROD-012,PharmaGrade Excipient Bulk,Raw Material,1,3165.68,3165.68,0.0,3165.68,0.0,3165.68,Open,GL-INV-00256,Nadia Osei,Southeast,PO-868544,
INV-00257,CUST-006,2026-03-24,2026-04-23,2026-03,PROD-011,NovaBio-Gamma 250mg,Drug - Neurology,1,24043.26,264.05,0.0,264.05,0.0,264.05,Open,GL-INV-00257,Nadia Osei,Southeast,PO-146489,
INV-00258,CUST-007,2026-03-27,2026-05-11,2026-03,PROD-006,ProteaScreen Assay,Research Reagent,417,1007.66,420195.87,0.0,420195.87,0.0,420195.87,Open,GL-INV-00258,Brett Long,West,PO-762423,
INV-00259,CUST-007,2026-03-23,2026-05-07,2026-03,PROD-003,CellFlex Reagent Kit,Research Reagent,52,1120.46,58263.7,0.0,58263.7,0.0,58263.7,Paid,GL-INV-00259,Brett Long,Northeast,PO-407696,
INV-00260,CUST-007,2026-03-29,2026-05-13,2026-03,PROD-004,GenomiX Sequencing Panel,Diagnostic,1,4171.55,4171.55,0.0,4171.55,0.0,4171.55,Open,GL-INV-00260,Sara Hill,Midwest,PO-425138,
INV-00261,CUST-008,2026-03-02,2026-04-01,2026-03,PROD-014,Clinical Trial Supply Kit,Clinical Supply,35,9674.32,338601.36,0.0,338601.36,0.0,338601.36,Open,GL-INV-00261,Tom Kane,Midwest,PO-474314,
INV-00262,CUST-008,2026-03-11,2026-04-10,2026-03,PROD-014,Clinical Trial Supply Kit,Clinical Supply,1,10606.27,10606.27,0.0,10606.27,0.0,10606.27,Open,GL-INV-00262,Nadia Osei,Northeast,PO-938171,
INV-00263,CUST-009,2026-03-29,2026-04-28,2026-03,PROD-015,BioProcess Training Service,Professional Service,52,4343.31,225852.0,0.0,225852.0,0.0,225852.0,Paid,GL-INV-00263,Brett Long,Midwest,PO-295892,
INV-00264,CUST-009,2026-03-26,2026-04-25,2026-03,PROD-008,CytoGuard ELISA Kit,Diagnostic,128,773.63,99024.98,0.0,99024.98,0.0,99024.98,Paid,GL-INV-00264,Yuki Tanaka,Midwest,PO-940064,
INV-00265,CUST-010,2026-03-27,2026-05-11,2026-03,PROD-007,NovaBio-Beta Infusion 500mg,Drug - Rare Disease,6,12091.82,72550.93,0.0,72550.93,0.0,72550.93,Open,GL-INV-00265,Tom Kane,International,PO-408036,
INV-00266,CUST-010,2026-03-22,2026-05-06,2026-03,PROD-006,ProteaScreen Assay,Research Reagent,53,874.02,46322.87,0.0,46322.87,0.0,46322.87,Open,GL-INV-00266,Nadia Osei,Midwest,PO-567576,
INV-00267,CUST-010,2026-03-15,2026-04-29,2026-03,PROD-010,GeneTherapy Vector Lot,Cell & Gene Therapy,4,80041.2,320164.81,0.0,320164.81,0.0,320164.81,Open,GL-INV-00267,Nadia Osei,West,PO-144412,
INV-00268,CUST-010,2026-03-14,2026-04-28,2026-03,PROD-012,PharmaGrade Excipient Bulk,Raw Material,23,3371.88,77553.27,0.0,77553.27,0.0,77553.27,Open,GL-INV-00268,Nadia Osei,Northeast,PO-178686,
INV-00269,CUST-010,2026-03-26,2026-05-10,2026-03,PROD-011,NovaBio-Gamma 250mg,Drug - Neurology,1,21798.21,21798.21,0.0,21798.21,0.0,21798.21,Open,GL-INV-00269,Tom Kane,Northeast,PO-249715,
INV-00270,CUST-010,2026-03-03,2026-04-17,2026-03,PROD-014,Clinical Trial Supply Kit,Clinical Supply,1,8632.65,8632.65,0.0,8632.65,0.0,8632.65,Paid,GL-INV-00270,Tom Kane,Midwest,PO-479742,
INV-00271,CUST-010,2026-03-22,2026-05-06,2026-03,PROD-007,NovaBio-Beta Infusion 500mg,Drug - Rare Disease,1,12615.28,6227.61,0.0,6227.61,0.0,6227.61,Open,GL-INV-00271,Brett Long,Midwest,PO-490084,
INV-00272,CUST-011,2026-03-12,2026-04-11,2026-03,PROD-002,NovaBio-Alpha 100mg Vial,Drug - Oncology,147,7662.27,1126354.42,0.0,1126354.42,0.0,1126354.42,Paid,GL-INV-00272,Brett Long,Midwest,PO-781113,
INV-00273,CUST-011,2026-03-01,2026-03-31,2026-03,PROD-005,ImmunoBoost IV 200mg,Drug - Immunology,16,7410.85,118573.52,0.0,118573.52,0.0,118573.52,Open,GL-INV-00273,Tom Kane,West,PO-642895,
INV-00274,CUST-011,2026-03-25,2026-04-24,2026-03,PROD-007,NovaBio-Beta Infusion 500mg,Drug - Rare Disease,9,11153.28,100379.55,0.0,100379.55,0.0,100379.55,Open,GL-INV-00274,Nadia Osei,West,PO-324993,
INV-00275,CUST-011,2026-03-16,2026-04-15,2026-03,PROD-010,GeneTherapy Vector Lot,Cell & Gene Therapy,1,91247.09,37818.37,0.0,37818.37,0.0,37818.37,Paid,GL-INV-00275,Tom Kane,Northeast,PO-242321,
INV-00276,CUST-012,2026-03-31,2026-04-30,2026-03,PROD-008,CytoGuard ELISA Kit,Diagnostic,180,860.05,154809.01,0.0,154809.01,0.0,154809.01,Open,GL-INV-00276,Nadia Osei,Midwest,PO-844007,
INV-00277,CUST-012,2026-03-29,2026-04-28,2026-03,PROD-002,NovaBio-Alpha 100mg Vial,Drug - Oncology,141,8491.45,1197294.63,0.0,1197294.63,0.0,1197294.63,Open,GL-INV-00277,Nadia Osei,Southeast,PO-846385,
INV-00278,CUST-012,2026-03-17,2026-04-16,2026-03,PROD-012,PharmaGrade Excipient Bulk,Raw Material,3,3514.96,10544.87,0.0,10544.87,0.0,10544.87,Open,GL-INV-00278,Tom Kane,Northeast,PO-310743,
INV-00279,CUST-012,2026-03-16,2026-04-15,2026-03,PROD-013,RegulatoryAI Platform License,Software,1,17265.31,17265.31,0.0,17265.31,0.0,17265.31,Paid,GL-INV-00279,Sara Hill,Midwest,PO-680933,
INV-00280,CUST-012,2026-03-18,2026-04-17,2026-03,PROD-010,GeneTherapy Vector Lot,Cell & Gene Therapy,1,86432.37,3212.04,0.0,3212.04,0.0,3212.04,Open,GL-INV-00280,Tom Kane,International,PO-190403,
INV-00281,CUST-013,2026-03-17,2026-04-16,2026-03,PROD-007,NovaBio-Beta Infusion 500mg,Drug - Rare Disease,92,12956.61,1192008.03,0.0,1192008.03,0.0,1192008.03,Open,GL-INV-00281,Brett Long,West,PO-963333,
INV-00282,CUST-013,2026-03-11,2026-04-10,2026-03,PROD-010,GeneTherapy Vector Lot,Cell & Gene Therapy,1,79163.19,52805.25,0.0,52805.25,0.0,52805.25,Paid,GL-INV-00282,Sara Hill,West,PO-588461,
INV-00283,CUST-014,2026-03-25,2026-05-09,2026-03,PROD-006,ProteaScreen Assay,Research Reagent,66,1063.52,70192.03,0.0,70192.03,0.0,70192.03,Paid,GL-INV-00283,Yuki Tanaka,International,PO-290802,
INV-00284,CUST-015,2026-03-28,2026-04-27,2026-03,PROD-003,CellFlex Reagent Kit,Research Reagent,111,1230.86,136625.36,0.0,136625.36,0.0,136625.36,Open,GL-INV-00284,Sara Hill,Northeast,PO-643269,
INV-00285,CUST-016,2026-03-23,2026-05-07,2026-03,PROD-003,CellFlex Reagent Kit,Research Reagent,21,1176.8,24712.76,0.0,24712.76,0.0,24712.76,Paid,GL-INV-00285,Tom Kane,Midwest,PO-644103,
INV-00286,CUST-017,2026-03-21,2026-05-05,2026-03,PROD-014,Clinical Trial Supply Kit,Clinical Supply,2,9145.19,18290.38,0.0,18290.38,0.0,18290.38,Open,GL-INV-00286,Yuki Tanaka,Midwest,PO-231250,
INV-00287,CUST-018,2026-03-06,2026-04-05,2026-03,PROD-010,GeneTherapy Vector Lot,Cell & Gene Therapy,1,87179.68,69156.29,0.0,69156.29,0.0,69156.29,Open,GL-INV-00287,Yuki Tanaka,International,PO-261684,
INV-00288,CUST-019,2026-03-19,2026-05-03,2026-03,PROD-010,GeneTherapy Vector Lot,Cell & Gene Therapy,1,94403.76,94403.76,0.0,94403.76,0.0,94403.76,Open,GL-INV-00288,Sara Hill,Northeast,PO-185168,
INV-00289,CUST-020,2026-03-25,2026-04-24,2026-03,PROD-011,NovaBio-Gamma 250mg,Drug - Neurology,5,23381.21,116906.07,0.0,116906.07,0.0,116906.07,Open,GL-INV-00289,Yuki Tanaka,West,PO-748133,
INV-00290,CUST-020,2026-03-21,2026-04-20,2026-03,PROD-011,NovaBio-Gamma 250mg,Drug - Neurology,1,22539.21,22539.21,0.0,22539.21,0.0,22539.21,Paid,GL-INV-00290,Yuki Tanaka,Midwest,PO-773088,
INV-00291,CUST-020,2026-03-26,2026-04-25,2026-03,PROD-005,ImmunoBoost IV 200mg,Drug - Immunology,8,6247.93,49983.41,0.0,49983.41,0.0,49983.41,Open,GL-INV-00291,Brett Long,Midwest,PO-575575,
INV-00292,CUST-021,2026-03-16,2026-04-15,2026-03,PROD-001,NovaBio-Alpha 50mg Vial,Drug - Oncology,11,4544.56,49990.12,0.0,49990.12,0.0,49990.12,Open,GL-INV-00292,Brett Long,Southeast,PO-456717,
INV-00293,CUST-021,2026-03-23,2026-04-22,2026-03,PROD-010,GeneTherapy Vector Lot,Cell & Gene Therapy,1,83142.38,83142.38,0.0,83142.38,0.0,83142.38,Paid,GL-INV-00293,Nadia Osei,Midwest,PO-518084,
INV-00294,CUST-021,2026-03-18,2026-04-17,2026-03,PROD-003,CellFlex Reagent Kit,Research Reagent,98,1191.16,116733.88,0.0,116733.88,0.0,116733.88,Open,GL-INV-00294,Sara Hill,Midwest,PO-353480,
INV-00295,CUST-021,2026-03-08,2026-04-07,2026-03,PROD-008,CytoGuard ELISA Kit,Diagnostic,8,754.16,6033.26,0.0,6033.26,0.0,6033.26,Open,GL-INV-00295,Tom Kane,Northeast,PO-153063,
INV-00296,CUST-022,2026-03-08,2026-04-22,2026-03,PROD-007,NovaBio-Beta Infusion 500mg,Drug - Rare Disease,28,12646.13,354091.71,0.0,354091.71,0.0,354091.71,Open,GL-INV-00296,Tom Kane,Midwest,PO-705748,
INV-00297,CUST-023,2026-03-17,2026-04-16,2026-03,PROD-004,GenomiX Sequencing Panel,Diagnostic,41,3893.35,159627.44,0.0,159627.44,0.0,159627.44,Open,GL-INV-00297,Brett Long,West,PO-423528,
INV-00298,CUST-023,2026-03-13,2026-04-12,2026-03,PROD-008,CytoGuard ELISA Kit,Diagnostic,24,719.56,17269.43,0.0,17269.43,0.0,17269.43,Open,GL-INV-00298,Yuki Tanaka,West,PO-352422,
INV-00299,CUST-023,2026-03-10,2026-04-09,2026-03,PROD-004,GenomiX Sequencing Panel,Diagnostic,91,3466.23,315426.5,0.0,315426.5,0.0,315426.5,Open,GL-INV-00299,Brett Long,International,PO-983791,
INV-00300,CUST-024,2026-03-28,2026-04-27,2026-03,PROD-008,CytoGuard ELISA Kit,Diagnostic,293,806.65,236349.83,0.0,236349.83,0.0,236349.83,Open,GL-INV-00300,Sara Hill,West,PO-240440,
INV-00301,CUST-024,2026-03-25,2026-04-24,2026-03,PROD-015,BioProcess Training Service,Professional Service,34,4327.51,147135.27,0.0,147135.27,0.0,147135.27,Paid,GL-INV-00301,Brett Long,Midwest,PO-147440,
INV-00302,CUST-025,2026-03-10,2026-04-09,2026-03,PROD-010,GeneTherapy Vector Lot,Cell & Gene Therapy,2,84203.63,168407.26,0.0,168407.26,0.0,168407.26,Open,GL-INV-00302,Sara Hill,West,PO-628750,
INV-00303,CUST-025,2026-03-20,2026-04-19,2026-03,PROD-008,CytoGuard ELISA Kit,Diagnostic,282,756.55,213345.84,0.0,213345.84,0.0,213345.84,Open,GL-INV-00303,Yuki Tanaka,Northeast,PO-234913,
INV-00304,CUST-026,2026-03-11,2026-04-25,2026-03,PROD-007,NovaBio-Beta Infusion 500mg,Drug - Rare Disease,24,13184.69,316432.6,0.0,316432.6,0.0,316432.6,Paid,GL-INV-00304,Yuki Tanaka,Midwest,PO-891638,
INV-00305,CUST-027,2026-03-02,2026-04-16,2026-03,PROD-010,GeneTherapy Vector Lot,Cell & Gene Therapy,4,87126.66,348506.62,0.0,348506.62,0.0,348506.62,Open,GL-INV-00305,Sara Hill,Southeast,PO-848255,
INV-00306,CUST-028,2026-03-20,2026-04-19,2026-03,PROD-008,CytoGuard ELISA Kit,Diagnostic,133,791.11,105218.0,0.0,105218.0,0.0,105218.0,Open,GL-INV-00306,Yuki Tanaka,Southeast,PO-443897,
INV-00307,CUST-029,2026-03-20,2026-05-04,2026-03,PROD-006,ProteaScreen Assay,Research Reagent,21,948.33,19914.86,0.0,19914.86,0.0,19914.86,Open,GL-INV-00307,Nadia Osei,International,PO-452713,
INV-00308,CUST-030,2026-03-19,2026-04-18,2026-03,PROD-009,BioTrack Monitoring Software (Annual),Software,3,25561.54,76684.62,0.0,76684.62,0.0,76684.62,Open,GL-INV-00308,Nadia Osei,West,PO-955374,
INV-00309,CUST-031,2026-03-19,2026-05-03,2026-03,PROD-006,ProteaScreen Assay,Research Reagent,15,1087.73,16315.89,0.0,16315.89,0.0,16315.89,Open,GL-INV-00309,Nadia Osei,Northeast,PO-725905,
INV-00310,CUST-032,2026-03-24,2026-05-08,2026-03,PROD-011,NovaBio-Gamma 250mg,Drug - Neurology,3,22976.99,68930.97,0.0,68930.97,0.0,68930.97,Open,GL-INV-00310,Sara Hill,International,PO-603787,
INV-00311,CUST-033,2026-03-22,2026-04-21,2026-03,PROD-011,NovaBio-Gamma 250mg,Drug - Neurology,2,20612.77,41225.53,0.0,41225.53,0.0,41225.53,Open,GL-INV-00311,Tom Kane,Northeast,PO-700383,
INV-00312,CUST-034,2026-03-11,2026-05-10,2026-03,PROD-002,NovaBio-Alpha 100mg Vial,Drug - Oncology,4,7418.82,29675.29,0.0,29675.29,0.0,29675.29,Open,GL-INV-00312,Brett Long,Southeast,PO-533020,
INV-00313,CUST-035,2026-03-24,2026-05-08,2026-03,PROD-007,NovaBio-Beta Infusion 500mg,Drug - Rare Disease,8,13418.45,96818.81,0.0,96818.81,0.0,96818.81,Open,GL-INV-00313,Sara Hill,Southeast,PO-643878,
INV-00314,CUST-036,2026-03-11,2026-04-10,2026-03,PROD-006,ProteaScreen Assay,Research Reagent,245,979.8,240051.2,0.0,240051.2,0.0,240051.2,Open,GL-INV-00314,Tom Kane,West,PO-659024,
INV-00315,CUST-036,2026-03-25,2026-04-24,2026-03,PROD-006,ProteaScreen Assay,Research Reagent,35,939.14,32870.01,0.0,32870.01,0.0,32870.01,Paid,GL-INV-00315,Nadia Osei,International,PO-607699,
INV-00316,CUST-037,2026-03-08,2026-04-07,2026-03,PROD-004,GenomiX Sequencing Panel,Diagnostic,36,3950.18,142206.56,0.0,142206.56,0.0,142206.56,Open,GL-INV-00316,Nadia Osei,Midwest,PO-839142,
INV-00317,CUST-037,2026-03-11,2026-04-10,2026-03,PROD-004,GenomiX Sequencing Panel,Diagnostic,23,4089.74,94063.99,0.0,94063.99,0.0,94063.99,Open,GL-INV-00317,Brett Long,Midwest,PO-687713,
INV-00318,CUST-038,2026-03-19,2026-05-03,2026-03,PROD-013,RegulatoryAI Platform License,Software,5,17495.05,87475.26,0.0,87475.26,0.0,87475.26,Open,GL-INV-00318,Yuki Tanaka,West,PO-513697,
INV-00319,CUST-039,2026-03-10,2026-04-09,2026-03,PROD-013,RegulatoryAI Platform License,Software,3,17507.04,52521.11,0.0,52521.11,0.0,52521.11,Open,GL-INV-00319,Sara Hill,Midwest,PO-563864,
INV-00320,CUST-040,2026-03-27,2026-04-26,2026-03,PROD-012,PharmaGrade Excipient Bulk,Raw Material,62,3051.19,189173.75,0.0,189173.75,0.0,189173.75,Paid,GL-INV-00320,Yuki Tanaka,Midwest,PO-689318,
INV-00321,CUST-041,2026-03-19,2026-04-18,2026-03,PROD-003,CellFlex Reagent Kit,Research Reagent,7,1264.7,8852.92,0.0,8852.92,0.0,8852.92,Open,GL-INV-00321,Tom Kane,Southeast,PO-153231,
INV-00322,CUST-042,2026-03-02,2026-04-01,2026-03,PROD-009,BioTrack Monitoring Software (Annual),Software,2,26487.15,52974.31,0.0,52974.31,0.0,52974.31,Paid,GL-INV-00322,Sara Hill,West,PO-446337,
INV-00323,CUST-043,2026-03-18,2026-05-02,2026-03,PROD-002,NovaBio-Alpha 100mg Vial,Drug - Oncology,3,7390.62,22171.87,0.0,22171.87,0.0,22171.87,Open,GL-INV-00323,Tom Kane,West,PO-784607,
INV-00324,CUST-044,2026-03-07,2026-05-06,2026-03,PROD-015,BioProcess Training Service,Professional Service,61,4077.45,248724.36,0.0,248724.36,0.0,248724.36,Open,GL-INV-00324,Nadia Osei,Midwest,PO-399279,
INV-00325,CUST-045,2026-03-19,2026-05-18,2026-03,PROD-015,BioProcess Training Service,Professional Service,99,3689.46,365256.61,0.0,365256.61,0.0,365256.61,Open,GL-INV-00325,Tom Kane,International,PO-874568,
INV-00326,CUST-046,2026-03-06,2026-05-05,2026-03,PROD-015,BioProcess Training Service,Professional Service,5,4513.23,22566.15,0.0,22566.15,0.0,22566.15,Paid,GL-INV-00326,Brett Long,Southeast,PO-138105,
INV-00327,CUST-047,2026-03-24,2026-05-23,2026-03,PROD-007,NovaBio-Beta Infusion 500mg,Drug - Rare Disease,8,11358.93,90871.48,0.0,90871.48,0.0,90871.48,Open,GL-INV-00327,Nadia Osei,Northeast,PO-109717,
INV-00328,CUST-048,2026-03-11,2026-04-10,2026-03,PROD-010,GeneTherapy Vector Lot,Cell & Gene Therapy,1,96229.67,96229.67,0.0,96229.67,0.0,96229.67,Open,GL-INV-00328,Nadia Osei,West,PO-772464,
INV-00329,CUST-048,2026-03-31,2026-04-30,2026-03,PROD-009,BioTrack Monitoring Software (Annual),Software,5,25586.95,127934.76,0.0,127934.76,0.0,127934.76,Open,GL-INV-00329,Tom Kane,International,PO-590755,
INV-00330,CUST-049,2026-03-24,2026-04-23,2026-03,PROD-013,RegulatoryAI Platform License,Software,2,17688.08,35376.16,0.0,35376.16,0.0,35376.16,Open,GL-INV-00330,Brett Long,Midwest,PO-853504,
INV-00331,CUST-049,2026-03-26,2026-04-25,2026-03,PROD-003,CellFlex Reagent Kit,Research Reagent,4,1300.99,5203.94,0.0,5203.94,0.0,5203.94,Open,GL-INV-00331,Nadia Osei,International,PO-807160,
INV-00332,CUST-050,2026-03-29,2026-04-28,2026-03,PROD-003,CellFlex Reagent Kit,Research Reagent,157,1336.84,209884.5,0.0,209884.5,0.0,209884.5,Paid,GL-INV-00332,Brett Long,West,PO-640310,
INV-00333,CUST-051,2026-03-05,2026-04-04,2026-03,PROD-007,NovaBio-Beta Infusion 500mg,Drug - Rare Disease,2,11354.34,22708.69,0.0,22708.69,0.0,22708.69,Open,GL-INV-00333,Brett Long,Midwest,PO-360096,
INV-00334,CUST-052,2026-03-09,2026-04-08,2026-03,PROD-007,NovaBio-Beta Infusion 500mg,Drug - Rare Disease,4,12140.21,48560.83,0.0,48560.83,0.0,48560.83,Paid,GL-INV-00334,Nadia Osei,Midwest,PO-710754,
INV-00335,CUST-052,2026-03-21,2026-04-20,2026-03,PROD-012,PharmaGrade Excipient Bulk,Raw Material,19,2889.15,54893.82,0.0,54893.82,0.0,54893.82,Paid,GL-INV-00335,Nadia Osei,Southeast,PO-165142,
INV-00336,CUST-053,2026-03-22,2026-05-06,2026-03,PROD-008,CytoGuard ELISA Kit,Diagnostic,79,733.14,57918.44,0.0,57918.44,0.0,57918.44,Paid,GL-INV-00336,Yuki Tanaka,Midwest,PO-823821,
INV-00337,CUST-054,2026-03-08,2026-04-22,2026-03,PROD-015,BioProcess Training Service,Professional Service,10,3967.54,39675.44,0.0,39675.44,0.0,39675.44,Open,GL-INV-00337,Tom Kane,Southeast,PO-601410,
INV-00338,CUST-055,2026-03-18,2026-04-17,2026-03,PROD-012,PharmaGrade Excipient Bulk,Raw Material,12,3212.68,38552.12,0.0,38552.12,0.0,38552.12,Open,GL-INV-00338,Brett Long,International,PO-940952,
INV-00339,CUST-056,2026-03-20,2026-05-04,2026-03,PROD-004,GenomiX Sequencing Panel,Diagnostic,8,4066.32,32530.6,0.0,32530.6,0.0,32530.6,Open,GL-INV-00339,Sara Hill,International,PO-568449,
INV-00340,CUST-057,2026-03-04,2026-04-03,2026-03,PROD-006,ProteaScreen Assay,Research Reagent,5,1072.85,5364.23,0.0,5364.23,0.0,5364.23,Open,GL-INV-00340,Sara Hill,International,PO-630041,
INV-00341,CUST-058,2026-03-28,2026-04-27,2026-03,PROD-009,BioTrack Monitoring Software (Annual),Software,1,23528.36,23528.36,0.0,23528.36,0.0,23528.36,Open,GL-INV-00341,Yuki Tanaka,West,PO-221886,
INV-00342,CUST-059,2026-03-29,2026-05-13,2026-03,PROD-012,PharmaGrade Excipient Bulk,Raw Material,10,3271.06,32710.62,0.0,32710.62,0.0,32710.62,Open,GL-INV-00342,Yuki Tanaka,West,PO-947975,
INV-00343,CUST-060,2026-03-19,2026-04-18,2026-03,PROD-003,CellFlex Reagent Kit,Research Reagent,17,1204.63,20478.67,0.0,20478.67,0.0,20478.67,Open,GL-INV-00343,Sara Hill,International,PO-584838,
